minimum,middle,lower_c,upper_c,Horner_lower,Horner_upper,Bareiss_lower,Bareiss_upper,Sturm_roots_above_middle,Sturm_roots_in_bracket
8,11,140,141,-1140440,2483184,-1140440,2483184,1,1
8,12,148,149,-3937719,582912,-3937719,582912,1,1
8,13,156,157,-757632,4925856,-757632,4925856,1,1
8,14,162,163,-1944663,4883200,-1944663,4883200,1,1
8,15,167,168,-3945000,4102280,-3945000,4102280,1,1
8,16,171,172,-8303496,997797,-8303496,997797,1,1
8,17,175,176,-6547520,4237312,-6547520,4237312,1,1
8,18,178,179,-9075939,3172560,-9075939,3172560,1,1
8,19,181,182,-5250864,8680672,-5250864,8680672,1,1
8,20,183,184,-9126120,6388213,-9126120,6388213,1,1
8,21,185,186,-7519680,9767744,-7519680,9767744,1,1
8,22,186,187,-18293943,562560,-18293943,562560,1,1
8,23,188,189,-4837064,16176720,-4837064,16176720,1,1
8,24,189,190,-5876416,17040123,-5876416,17040123,1,1
8,25,190,191,-1981248,22999840,-1981248,22999840,1,1
8,26,190,191,-19208975,7442464,-19208975,7442464,1,1
8,27,191,192,-6010488,23008760,-6010488,23008760,1,1
8,28,191,192,-17139752,13781061,-17139752,13781061,1,1
8,29,191,192,-25726064,7196352,-25726064,7196352,1,1
8,30,191,192,-31550160,3476195,-31550160,3476195,1,1
8,31,191,192,-34392776,2842152,-34392776,2842152,1,1
8,32,191,192,-34034648,5515785,-34034648,5515785,1,1
8,33,191,192,-30256512,11718656,-30256512,11718656,1,1
8,34,191,192,-22839104,21672327,-22839104,21672327,1,1
8,35,191,192,-11563160,35598360,-11563160,35598360,1,1
8,36,190,191,-45100665,3790584,-45100665,3790584,1,1
8,37,190,191,-28277760,23441392,-28277760,23441392,1,1
8,38,190,191,-7057475,47608528,-7057475,47608528,1,1
8,39,189,190,-37754416,18777168,-37754416,18777168,1,1
8,40,189,190,-10218432,49443147,-10218432,49443147,1,1
8,41,188,189,-39356672,22241856,-39356672,22241856,1,1
8,42,188,189,-5072949,59841152,-5072949,59841152,1,1
8,43,187,188,-32481864,34437736,-32481864,34437736,1,1
8,44,186,187,-59965749,8964712,-59965749,8964712,1,1
8,45,186,187,-16560640,55933680,-16560640,55933680,1,1
8,46,185,186,-42121280,32447169,-42121280,32447169,1,1
8,47,184,185,-67700408,8943520,-67700408,8943520,1,1
8,48,184,185,-14562255,65894400,-14562255,65894400,1,1
8,49,183,184,-38055360,44534784,-38055360,44534784,1,1
8,50,182,183,-61521215,23199840,-61521215,23199840,1,1
8,51,181,182,-84945456,1902432,-84945456,1902432,1,1
8,52,181,182,-19344768,71621935,-19344768,71621935,1,1
8,53,180,181,-40529280,52614688,-40529280,52614688,1,1
8,54,179,180,-61638816,33674543,-61638816,33674543,1,1
8,55,178,179,-82661280,14812168,-82661280,14812168,1,1
8,56,178,179,-3961937,97932856,-3961937,97932856,1,1
8,57,177,178,-22637440,81460416,-22637440,81460416,1,1
8,58,176,177,-41204177,65083776,-41204177,65083776,1,1
8,59,175,176,-59652152,48811576,-59652152,48811576,1,1
8,60,174,175,-77971537,32652312,-77971537,32652312,1,1
8,61,173,174,-96152672,16614336,-96152672,16614336,1,1
8,62,172,173,-114186065,705856,-114186065,705856,1,1
8,63,172,173,-15065064,104697936,-15065064,104697936,1,1
8,64,171,172,-30690504,91226517,-30690504,91226517,1,1
8,65,170,171,-46162688,77886720,-46162688,77886720,1,1
8,66,169,170,-61473984,64684965,-61473984,64684965,1,1
8,67,168,169,-76616904,51627552,-76616904,51627552,1,1
8,68,167,168,-91584104,38720661,-91584104,38720661,1,1
8,69,166,167,-106368384,25970352,-106368384,25970352,1,1
8,70,165,166,-120962688,13382565,-120962688,13382565,1,1
8,71,164,165,-135360104,963120,-135360104,963120,1,1
8,72,164,165,-11282283,130420160,-11282283,130420160,1,1
8,73,163,164,-23348064,120344320,-23348064,120344320,1,1
8,74,162,163,-35228763,110422000,-35228763,110422000,1,1
8,75,161,162,-46919040,100657520,-46919040,100657520,1,1
8,76,160,161,-58413675,91055104,-58413675,91055104,1,1
8,77,159,160,-69707568,81618880,-69707568,81618880,1,1
8,78,158,159,-80795739,72352880,-80795739,72352880,1,1
8,79,157,158,-91673328,63261040,-91673328,63261040,1,1
8,80,156,157,-102335595,54347200,-102335595,54347200,1,1
8,81,155,156,-112777920,45615104,-112777920,45615104,1,1
8,82,154,155,-122995803,37068400,-122995803,37068400,1,1
8,83,153,154,-132984864,28710640,-132984864,28710640,1,1
8,84,152,153,-142740843,20545280,-142740843,20545280,1,1
8,85,151,152,-152259600,12575680,-152259600,12575680,1,1
8,86,150,151,-161537115,4805104,-161537115,4805104,1,1
8,87,150,151,-2763280,169604472,-2763280,169604472,1,1
8,88,149,150,-10126400,163734195,-10126400,163734195,1,1
8,89,148,149,-17281280,158027584,-17281280,158027584,1,1
8,90,147,148,-24225040,152486835,-24225040,152486835,1,1
8,91,146,147,-30954896,147114072,-30954896,147114072,1,1
8,92,145,146,-37468160,141911347,-37468160,141911347,1,1
8,93,144,145,-43762240,136880640,-43762240,136880640,1,1
8,94,143,144,-49834640,132023859,-49834640,132023859,1,1
8,95,142,143,-55682960,127342840,-55682960,127342840,1,1
8,96,141,142,-61304896,122839347,-61304896,122839347,1,1
8,97,140,141,-66698240,118515072,-66698240,118515072,1,1
8,98,139,140,-71860880,114371635,-71860880,114371635,1,1
8,99,138,139,-76790800,110410584,-76790800,110410584,1,1
8,100,137,138,-81486080,106633395,-81486080,106633395,1,1
8,101,136,137,-85944896,103041472,-85944896,103041472,1,1
8,102,135,136,-90165520,99636147,-90165520,99636147,1,1
8,103,134,135,-94146320,96418680,-94146320,96418680,1,1
8,104,133,134,-97885760,93390259,-97885760,93390259,1,1
8,105,132,133,-101382400,90552000,-101382400,90552000,1,1
8,106,131,132,-104634896,87904947,-104634896,87904947,1,1
8,107,130,131,-107642000,85450072,-107642000,85450072,1,1
8,108,129,130,-110402560,83188275,-110402560,83188275,1,1
8,109,128,129,-112915520,81120384,-112915520,81120384,1,1
8,110,127,128,-115179920,79247155,-115179920,79247155,1,1
8,111,126,127,-117194896,77569272,-117194896,77569272,1,1
8,112,125,126,-118959680,76087347,-118959680,76087347,1,1
8,113,124,125,-120473600,74801920,-120473600,74801920,1,1
8,114,123,124,-121736080,73713459,-121736080,73713459,1,1
8,115,122,123,-122746640,72822360,-122746640,72822360,1,1
8,116,121,122,-123504896,72128947,-123504896,72128947,1,1
8,117,120,121,-124010560,71633472,-124010560,71633472,1,1
8,118,119,120,-124263440,71336115,-124263440,71336115,1,1
